<?xml version="1.0" encoding="utf-8"?>
<!--/1106051/210546/2.49/12/4/Display/-->
<quadcept_library>
  <setting unit="mil" />
  <textstyle name="Default" height="47.244094488189" strokewidth="7.8740157480315" charwidth="47.244094488189" />
  <textstyle name="Dimension" height="19.6850393700787" strokewidth="0" charwidth="19.6850393700787" />
  <textstyle name="H127W0635TH00762" height="50" strokewidth="3" charwidth="25" />
  <textstyle name="H15W15TH02" height="59.0551181102362" strokewidth="7.8740157480315" charwidth="59.0551181102362" />
  <padstyle name="c141.6_h91" surface="False" plated="True" isvia="False" nopaste="True" nomask="True" complex="False" holesize="35.826771653543">
    <padshape layer="TOP" shape="round" width="55.748031496062" height="55.748031496062" />
    <padshape layer="TOP_SOLDER_MASK" shape="round" width="63.622047244094" height="63.622047244094" />
    <padshape layer="INNER" shape="round" width="55.748031496062" height="55.748031496062" />
    <padshape layer="BOTTOM" shape="round" width="55.748031496062" height="55.748031496062" />
    <padshape layer="BOTTOM_SOLDER_MASK" shape="round" width="63.622047244094" height="63.622047244094" />
  </padstyle>
  <padstyle name="s141.6_h91" surface="False" plated="True" isvia="False" nopaste="True" nomask="True" complex="False" holesize="35.826771653543">
    <padshape layer="TOP" shape="square" width="55.748031496062" height="55.748031496062" />
    <padshape layer="TOP_SOLDER_MASK" shape="square" width="63.622047244094" height="63.622047244094" />
    <padshape layer="INNER" shape="square" width="55.748031496062" height="55.748031496062" />
    <padshape layer="BOTTOM" shape="square" width="55.748031496062" height="55.748031496062" />
    <padshape layer="BOTTOM_SOLDER_MASK" shape="square" width="63.622047244094" height="63.622047244094" />
  </padstyle>
  <footprint name="HDSPB03G" originx="0" originy="0" pickpointx="0" pickpointy="0">
    <pcbpin number="1" name="1" style="s141.6_h91" originx="0" originy="0" rotation="90" />
    <pcbpin number="2" name="2" style="c141.6_h91" originx="99.999999999999" originy="0" rotation="90" />
    <pcbpin number="3" name="3" style="c141.6_h91" originx="200" originy="0" rotation="90" />
    <pcbpin number="4" name="4" style="c141.6_h91" originx="300" originy="0" rotation="90" />
    <pcbpin number="5" name="5" style="c141.6_h91" originx="400" originy="0" rotation="90" />
    <pcbpin number="6" name="6" style="c141.6_h91" originx="499.99999999999" originy="0" rotation="90" />
    <pcbpin number="7" name="7" style="c141.6_h91" originx="599.99999999999" originy="0" rotation="90" />
    <pcbpin number="8" name="8" style="c141.6_h91" originx="499.99999999999" originy="599.99999999999" rotation="90" />
    <pcbpin number="9" name="9" style="c141.6_h91" originx="400" originy="599.99999999999" rotation="90" />
    <pcbpin number="10" name="10" style="c141.6_h91" originx="300" originy="599.99999999999" rotation="90" />
    <pcbpin number="11" name="11" style="c141.6_h91" originx="200" originy="599.99999999999" rotation="90" />
    <pcbpin number="12" name="12" style="c141.6_h91" originx="99.999999999999" originy="599.99999999999" rotation="90" />
    <line layer="TOP_ASSEMBLY" originx="-707.87401574802" originy="675.9842519685" endx="1307.874015748" endy="675.9842519685" width="7.8740157480314" />
    <line layer="TOP_ASSEMBLY" originx="1307.874015748" originy="675.9842519685" endx="1307.874015748" endy="-75.984251968503" width="7.8740157480314" />
    <line layer="TOP_ASSEMBLY" originx="1307.874015748" originy="-75.984251968503" endx="-707.87401574802" endy="-75.984251968503" width="7.8740157480314" />
    <line layer="TOP_ASSEMBLY" originx="-707.87401574802" originy="-75.984251968503" endx="-707.87401574802" endy="675.9842519685" width="7.8740157480314" />
    <line layer="TOP_SILKSCREEN" originx="-707.87401574802" originy="675.9842519685" endx="1307.874015748" endy="675.9842519685" width="3.9370078740157" />
    <line layer="TOP_SILKSCREEN" originx="1307.874015748" originy="675.9842519685" endx="1307.874015748" endy="-75.984251968503" width="3.9370078740157" />
    <line layer="TOP_SILKSCREEN" originx="1307.874015748" originy="-75.984251968503" endx="-707.87401574802" endy="-75.984251968503" width="3.9370078740157" />
    <line layer="TOP_SILKSCREEN" originx="-707.87401574802" originy="-75.984251968503" endx="-707.87401574802" endy="675.9842519685" width="3.9370078740157" />
    <line layer="TOP_PLACE_BOUND" originx="-747.24409448818" originy="715.35433070865" endx="1347.2440944882" endy="715.35433070865" width="3.9370078740157" />
    <line layer="TOP_PLACE_BOUND" originx="1347.2440944882" originy="715.35433070865" endx="1347.2440944882" endy="-115.35433070866" width="3.9370078740157" />
    <line layer="TOP_PLACE_BOUND" originx="1347.2440944882" originy="-115.35433070866" endx="-747.24409448818" endy="-115.35433070866" width="3.9370078740157" />
    <line layer="TOP_PLACE_BOUND" originx="-747.24409448818" originy="-115.35433070866" endx="-747.24409448818" endy="715.35433070865" width="3.9370078740157" />
  </footprint>
  <symbol name="HDSP-B03G" originx="0" originy="0">
    <line originx="200" originy="100" endx="2700" endy="100" width="0" />
    <line originx="2700" originy="-700" endx="2700" endy="100" width="0" />
    <line originx="2700" originy="-700" endx="200" endy="-700" width="0" />
    <line originx="200" originy="100" endx="200" endy="-700" width="0" />
    <sympin number="1" originx="200" originy="0" rotation="180" length="100" width="7.8740157480315" flipped="False">
      <text name="pinname" originx="230" originy="0" style="Default" rotation="0" justify="left" flipped="False" hidden="False" data="ANODE_E" />
      <text name="pindes" originx="140" originy="20" style="Default" rotation="0" justify="lowerright" flipped="False" hidden="False" data="1" />
    </sympin>
    <sympin number="2" originx="200" originy="-100" rotation="180" length="100" width="7.8740157480315" flipped="False">
      <text name="pinname" originx="230" originy="-100" style="Default" rotation="0" justify="left" flipped="False" hidden="False" data="ANODE_D" />
      <text name="pindes" originx="140" originy="-80" style="Default" rotation="0" justify="lowerright" flipped="False" hidden="False" data="2" />
    </sympin>
    <sympin number="3" originx="200" originy="-200" rotation="180" length="100" width="7.8740157480315" flipped="False">
      <text name="pinname" originx="230" originy="-200" style="Default" rotation="0" justify="left" flipped="False" hidden="False" data="ANODE_DP" />
      <text name="pindes" originx="140" originy="-180" style="Default" rotation="0" justify="lowerright" flipped="False" hidden="False" data="3" />
    </sympin>
    <sympin number="4" originx="200" originy="-300" rotation="180" length="100" width="7.8740157480315" flipped="False">
      <text name="pinname" originx="230" originy="-300" style="Default" rotation="0" justify="left" flipped="False" hidden="False" data="ANODE_C" />
      <text name="pindes" originx="140" originy="-280" style="Default" rotation="0" justify="lowerright" flipped="False" hidden="False" data="4" />
    </sympin>
    <sympin number="5" originx="200" originy="-400" rotation="180" length="100" width="7.8740157480315" flipped="False">
      <text name="pinname" originx="230" originy="-400" style="Default" rotation="0" justify="left" flipped="False" hidden="False" data="ANODE_G" />
      <text name="pindes" originx="140" originy="-380" style="Default" rotation="0" justify="lowerright" flipped="False" hidden="False" data="5" />
    </sympin>
    <sympin number="6" originx="200" originy="-500" rotation="180" length="100" width="7.8740157480315" flipped="False">
      <text name="pinname" originx="230" originy="-500" style="Default" rotation="0" justify="left" flipped="False" hidden="False" data="DIGIT_4_COMMON_CATHODE" />
      <text name="pindes" originx="140" originy="-480" style="Default" rotation="0" justify="lowerright" flipped="False" hidden="False" data="6" />
    </sympin>
    <sympin number="7" originx="200" originy="-600" rotation="180" length="100" width="7.8740157480315" flipped="False">
      <text name="pinname" originx="230" originy="-600" style="Default" rotation="0" justify="left" flipped="False" hidden="False" data="ANODE_B" />
      <text name="pindes" originx="140" originy="-580" style="Default" rotation="0" justify="lowerright" flipped="False" hidden="False" data="7" />
    </sympin>
    <sympin number="8" originx="2700" originy="-400" rotation="0" length="100" width="7.8740157480315" flipped="False">
      <text name="pinname" originx="2670" originy="-400" style="Default" rotation="0" justify="right" flipped="False" hidden="False" data="DIGIT_3_COMMON_CATHODE" />
      <text name="pindes" originx="2760" originy="-380" style="Default" rotation="0" justify="lowerleft" flipped="False" hidden="False" data="8" />
    </sympin>
    <sympin number="9" originx="2700" originy="-300" rotation="0" length="100" width="7.8740157480315" flipped="False">
      <text name="pinname" originx="2670" originy="-300" style="Default" rotation="0" justify="right" flipped="False" hidden="False" data="DIGIT_2_COMMON_CATHODE" />
      <text name="pindes" originx="2760" originy="-280" style="Default" rotation="0" justify="lowerleft" flipped="False" hidden="False" data="9" />
    </sympin>
    <sympin number="10" originx="2700" originy="-200" rotation="0" length="100" width="7.8740157480315" flipped="False">
      <text name="pinname" originx="2670" originy="-200" style="Default" rotation="0" justify="right" flipped="False" hidden="False" data="ANODE_F" />
      <text name="pindes" originx="2760" originy="-180" style="Default" rotation="0" justify="lowerleft" flipped="False" hidden="False" data="10" />
    </sympin>
    <sympin number="11" originx="2700" originy="-100" rotation="0" length="100" width="7.8740157480315" flipped="False">
      <text name="pinname" originx="2670" originy="-100" style="Default" rotation="0" justify="right" flipped="False" hidden="False" data="ANODE_A" />
      <text name="pindes" originx="2760" originy="-80" style="Default" rotation="0" justify="lowerleft" flipped="False" hidden="False" data="11" />
    </sympin>
    <sympin number="12" originx="2700" originy="0" rotation="0" length="100" width="7.8740157480315" flipped="False">
      <text name="pinname" originx="2670" originy="0" style="Default" rotation="0" justify="right" flipped="False" hidden="False" data="DIGIT_1_COMMON_CATHODE" />
      <text name="pindes" originx="2760" originy="20" style="Default" rotation="0" justify="lowerleft" flipped="False" hidden="False" data="12" />
    </sympin>
  </symbol>
  <component name="HDSP-B03G" designatorprefix="DS" height="314.96062992126" footprint="HDSPB03G">
    <comppin designator="1" sympin="1" pinswap="0" gateswap="0" gate="1" group="1" side="" type="Any" name="ANODE_E" />
    <comppin designator="2" sympin="2" pinswap="0" gateswap="0" gate="1" group="1" side="" type="Any" name="ANODE_D" />
    <comppin designator="3" sympin="3" pinswap="0" gateswap="0" gate="1" group="1" side="" type="Any" name="ANODE_DP" />
    <comppin designator="4" sympin="4" pinswap="0" gateswap="0" gate="1" group="1" side="" type="Any" name="ANODE_C" />
    <comppin designator="5" sympin="5" pinswap="0" gateswap="0" gate="1" group="1" side="" type="Any" name="ANODE_G" />
    <comppin designator="6" sympin="6" pinswap="0" gateswap="0" gate="1" group="1" side="" type="Any" name="DIGIT_4_COMMON_CATHODE" />
    <comppin designator="7" sympin="7" pinswap="0" gateswap="0" gate="1" group="1" side="" type="Any" name="ANODE_B" />
    <comppin designator="8" sympin="8" pinswap="0" gateswap="0" gate="1" group="1" side="" type="Any" name="DIGIT_3_COMMON_CATHODE" />
    <comppin designator="9" sympin="9" pinswap="0" gateswap="0" gate="1" group="1" side="" type="Any" name="DIGIT_2_COMMON_CATHODE" />
    <comppin designator="10" sympin="10" pinswap="0" gateswap="0" gate="1" group="1" side="" type="Any" name="ANODE_F" />
    <comppin designator="11" sympin="11" pinswap="0" gateswap="0" gate="1" group="1" side="" type="Any" name="ANODE_A" />
    <comppin designator="12" sympin="12" pinswap="0" gateswap="0" gate="1" group="1" side="" type="Any" name="DIGIT_1_COMMON_CATHODE" />
    <attached_symbol gate="1" name="HDSP-B03G" />
    <pinmap designator="1" footprintpin="1" />
    <pinmap designator="2" footprintpin="2" />
    <pinmap designator="3" footprintpin="3" />
    <pinmap designator="4" footprintpin="4" />
    <pinmap designator="5" footprintpin="5" />
    <pinmap designator="6" footprintpin="6" />
    <pinmap designator="7" footprintpin="7" />
    <pinmap designator="8" footprintpin="8" />
    <pinmap designator="9" footprintpin="9" />
    <pinmap designator="10" footprintpin="10" />
    <pinmap designator="11" footprintpin="11" />
    <pinmap designator="12" footprintpin="12" />
    <text name="Datasheet" originx="0" originy="0" style="Default" rotation="0" justify="" flipped="False" hidden="True" data="https://docs.broadcom.com/docs/AV01-0698EN" />
    <text name="Description" originx="0" originy="0" style="Default" rotation="0" justify="" flipped="False" hidden="True" data="LED Displays &amp; Accessories 88:88 Clock Module 0.56in 4 Digits CC" />
    <text name="Mouser Part Number" originx="0" originy="0" style="Default" rotation="0" justify="" flipped="False" hidden="True" data="630-HDSP-B03G" />
    <text name="Mouser Price/Stock" originx="0" originy="0" style="Default" rotation="0" justify="" flipped="False" hidden="True" data="https://www.mouser.co.uk/ProductDetail/Broadcom-Avago/HDSP-B03G?qs=pQfy5%252BKCabJU4dELvEhWiw%3D%3D" />
    <text name="Manufacturer_Name" originx="0" originy="0" style="Default" rotation="0" justify="" flipped="False" hidden="True" data="Avago Technologies" />
    <text name="Manufacturer_Part_Number" originx="2750" originy="200" style="Default" rotation="0" justify="left" flipped="False" hidden="False" data="HDSP-B03G" />
  </component>
</quadcept_library>
